<?xml version="1.0" encoding="utf-8" ?>
<Defs>
   
	<!-- ==================== Holy hand grenade ========================== -->
	<ThingDef ParentName="BaseMakeableGrenade">
	<defName>Weapon_GrenadeArmageddon</defName>
	<label>Holy Hand grenade</label>
	<description>Brother Maynard brought this with him.\n\nBible, Lost Book of Armaments, Capital III, Verse 9-21: And Saint Attiloc raised the hand grenade up on high, saying, "O Lord, bless this Thy hand grenade that, with it, Thou mayest blow Thine enemies to tiny bits in Thy mercy." And the Lord did grin, and the people did feast upon the lambs and sloths and carp and anchovies and orangutans and breakfast cereals and fruit bats and large chu... --Skips-- And the Lord spake, saying, "First shalt thou take out the Holy Pin. Then, shalt thou count to three. No more. No less. Three shalt be the number thou shalt count, and the number of the counting shall be three. Four shalt thou not count, nor either count thou two, excepting that thou then proceed to three. Five is right out. Once the number three, being the third number, be reached, then, lobbest thou thy Holy Hand Grenade of Antioch towards thy foe, who, being naughty in My sight, shall snuff it."</description>
	<tickerType>Normal</tickerType>
	<recipeMaker>
      <recipeUsers Inherit="False" />
	  <workSkill>Crafting</workSkill>
	  <skillRequirements>
        <Crafting>20</Crafting>
      </skillRequirements>
      <effectWorking>Smith</effectWorking>
      <soundWorking>Recipe_Smith</soundWorking>
      <unfinishedThingDef>UnfinishedBelt</unfinishedThingDef>
    </recipeMaker>
	<graphicData>
		<texPath>Things/Projectile/Special/GrenadeArmageddon</texPath>
		<graphicClass>Graphic_Single</graphicClass>
	</graphicData>
	<soundInteract>Interact_Grenade</soundInteract>
	<techLevel>Neolithic</techLevel>
	<statBases>
		<Mass>25</Mass>
		<RangedWeapon_Cooldown>3</RangedWeapon_Cooldown>
		<WorkToMake>25000</WorkToMake>
	</statBases>
	<tradeTags>
	  <li>Artifact</li>
	</tradeTags>
	<thingSetMakerTags>
	  <li>SingleUseWeapon</li>
	</thingSetMakerTags>
	<costList>
	  <Uranium>50</Uranium>
	  <Gold>5</Gold>
	  <Chemfuel>25</Chemfuel>
	</costList>
	<thingCategories>
		<li>Grenades</li>
	</thingCategories>
	<verbs>
		<li>
			<!-- Wrath of God -->
			<verbClass>Verb_PowerBeam</verbClass>
			<hasStandardCommand>true</hasStandardCommand>
			<range>30</range>
			<forcedMissRadius>1</forcedMissRadius>
			<warmupTime>3</warmupTime>
			<ai_IsBuildingDestroyer>true</ai_IsBuildingDestroyer>
			<soundCast>Armageddon_Wave</soundCast>
			<targetParams>
				<canTargetLocations>true</canTargetLocations>
			</targetParams>
			<requireLineOfSight>false</requireLineOfSight>
			<onlyManualCast>true</onlyManualCast>
		</li>
	</verbs>
	</ThingDef>
  
	<!-- ==================== Inferno grenade ========================== -->
	<ThingDef ParentName="BaseMakeableGrenade">
	<defName>Weapon_GrenadeInferno</defName>
	<label>Inferno grenade</label>
	<description>Grenade with a brand blasting composition. Detonates in an inferno.\n\nThe belt is loaded with these babies.</description>
	<tickerType>Normal</tickerType>
	<recipeMaker>
      <workSpeedStat>SmithingSpeed</workSpeedStat>
      <workSkill>Crafting</workSkill>
	   <skillRequirements>
        <Crafting>12</Crafting>
      </skillRequirements>
      <effectWorking>Smith</effectWorking>
      <soundWorking>Recipe_Smith</soundWorking>
      <recipeUsers>
		<li>ElectricSmithy</li>
        <li>FueledSmithy</li>
      </recipeUsers>
      <unfinishedThingDef>UnfinishedBelt</unfinishedThingDef>
	  <researchPrerequisite>Alchemy</researchPrerequisite>
	</recipeMaker>
	<graphicData>
		<texPath>Things/Projectile/Special/GrenadeInferno</texPath>
		<graphicClass>Graphic_Single</graphicClass>
	</graphicData>
	<soundInteract>Interact_Grenade</soundInteract>
	<techLevel>Medieval</techLevel>
	<statBases>
		<Mass>5</Mass>
		<RangedWeapon_Cooldown>3</RangedWeapon_Cooldown>
		<MarketValue>750</MarketValue>
		<WorkToMake>5000</WorkToMake>
	</statBases>
	<tradeTags>
	  <li>ExoticMisc</li>
	</tradeTags>
	<costList>
	  <Uranium>6</Uranium>
	  <Luciferium>6</Luciferium>
	  <Chemfuel>6</Chemfuel>
	</costList>
	<thingCategories>
		<li>Grenades</li>
	</thingCategories>
	<verbs>
		<li>
			<!-- throw inferno grenade -->
			<verbClass>Verb_LaunchProjectile</verbClass>
			<hasStandardCommand>true</hasStandardCommand>
			<range>36.9</range>
			<forcedMissRadius>0.1</forcedMissRadius>
			<warmupTime>5</warmupTime>
			<noiseRadius>4</noiseRadius>
			<ai_AvoidFriendlyFireRadius>10</ai_AvoidFriendlyFireRadius>
			<ai_IsBuildingDestroyer>false</ai_IsBuildingDestroyer>
			<targetParams>
				<canTargetLocations>true</canTargetLocations>
			</targetParams>
			<soundCast>ThrowGrenade</soundCast>
			<soundCastTail>Armageddon_ExplosionDrop</soundCastTail>
			<defaultProjectile>GrenadeArmageddon</defaultProjectile>
			<rangedFireRulepack>Combat_RangedFire_Thrown</rangedFireRulepack>
			<requireLineOfSight>true</requireLineOfSight>
			<onlyManualCast>true</onlyManualCast>
		</li>
	</verbs>
	</ThingDef>

	<ThingDef ParentName="BaseGrenadeProjectile">
		<defName>GrenadeArmageddon</defName>
		<label>Inferno</label>
		<thingClass>Projectile_Explosive</thingClass>
		<graphicData>
			<texPath>Things/Projectile/Special/Proj_GrenadeInferno</texPath>
			<graphicClass>Graphic_Single</graphicClass>
		</graphicData>
		<projectile>
			<explosionRadius>9.3</explosionRadius>
			<damageAmountBase>8</damageAmountBase>
			<damageDef>InfernoBomb</damageDef> <!-- Flame -->
			<explosionDelay>0</explosionDelay>
			<soundExplode>Armageddon_AmbientDoom</soundExplode>
			<explosionEffect>ExtinguisherExplosion</explosionEffect>
		</projectile>
	</ThingDef>

	<!-- ==================== Thermal detonator ========================== -->
	<ThingDef ParentName="BaseMakeableGrenade">
	<defName>Weapon_GrenadeDetonator</defName>
	<label>Thermal Detonator</label>
	<description>Grenade with a thermal blasting composition. Unloads in a blizzard of ice shards.\n\nThe belt is loaded with these babies.</description>
	<tickerType>Normal</tickerType>
	<recipeMaker>
      <workSpeedStat>SmithingSpeed</workSpeedStat>
      <workSkill>Crafting</workSkill>
	   <skillRequirements>
        <Crafting>13</Crafting>
      </skillRequirements>
      <effectWorking>Smith</effectWorking>
      <soundWorking>Recipe_Smith</soundWorking>
      <recipeUsers>
		<li>ElectricSmithy</li>
        <li>FueledSmithy</li>
      </recipeUsers>
      <unfinishedThingDef>UnfinishedBelt</unfinishedThingDef>
	  <researchPrerequisite>AdvancedFabrication</researchPrerequisite>
	</recipeMaker>
	<graphicData>
		<texPath>Things/Projectile/Special/GrenadeDetonator</texPath>
		<graphicClass>Graphic_Single</graphicClass>
	</graphicData>
	<soundInteract>Interact_Grenade</soundInteract>
	<techLevel>Spacer</techLevel>
	<statBases>
		<Mass>5</Mass>
		<RangedWeapon_Cooldown>3</RangedWeapon_Cooldown>
		<MarketValue>850</MarketValue>
		<WorkToMake>5000</WorkToMake>
	</statBases>
	<tradeTags>
	  <li>ExoticMisc</li>
	</tradeTags>
	<costList>
	  <Gold>5</Gold>
	  <Steel>25</Steel>
	  <Chemfuel>50</Chemfuel>
	</costList>
	<thingCategories>
		<li>Grenades</li>
	</thingCategories>
	<verbs>
		<li>
			<!-- throw thermal detonator -->
			<verbClass>Verb_LaunchProjectile</verbClass>
			<hasStandardCommand>true</hasStandardCommand>
			<range>35</range>
			<forcedMissRadius>0.5</forcedMissRadius>
			<warmupTime>1.5</warmupTime>
			<noiseRadius>4</noiseRadius>
			<ai_AvoidFriendlyFireRadius>10</ai_AvoidFriendlyFireRadius>
			<ai_IsBuildingDestroyer>false</ai_IsBuildingDestroyer>
			<targetParams>
				<canTargetLocations>true</canTargetLocations>
			</targetParams>
			<soundCast>ThrowGrenade</soundCast>
			<soundCastTail>Armageddon_ExplosionDrop</soundCastTail>
			<defaultProjectile>GrenadeDetonator</defaultProjectile>
			<rangedFireRulepack>Combat_RangedFire_Thrown</rangedFireRulepack>
			<requireLineOfSight>true</requireLineOfSight>
			<onlyManualCast>true</onlyManualCast>
		</li>
	</verbs>
	</ThingDef>

	<ThingDef ParentName="BaseGrenadeProjectile">
		<defName>GrenadeDetonator</defName>
		<label>thermalblast</label>
		<thingClass>Projectile_Explosive</thingClass>
		<graphicData>
			<texPath>Things/Projectile/Special/GrenadeDetonator</texPath>
			<graphicClass>Graphic_Single</graphicClass>
		</graphicData>
		<projectile>
			<explosionRadius>6.5</explosionRadius>
			<damageAmountBase>7</damageAmountBase>
			<damageDef>Frostbite</damageDef>
			<explosionDelay>25</explosionDelay>
			<soundAmbient>Thermalblast</soundAmbient>
			<soundExplode>FragmentExplosion</soundExplode>
			<explosionEffect>GiantExplosion</explosionEffect>
		</projectile>
	</ThingDef>

	<!-- ==================== Dynamite ========================== -->
	<ThingDef ParentName="BaseMakeableGrenade">
	<defName>Weapon_GrenadeDynamite</defName>
	<label>Dynamite</label>
	<description>Grenade with a nitro blasting composition. Unloads in a heavy explosion. Once lighted, you have to throw.\n\nThe belt is loaded with these babies.</description>
	<tickerType>Normal</tickerType>
	<recipeMaker>
      <workSpeedStat>SmithingSpeed</workSpeedStat>
      <workSkill>Crafting</workSkill>
	   <skillRequirements>
        <Crafting>9</Crafting>
      </skillRequirements>
      <effectWorking>Smith</effectWorking>
      <soundWorking>Recipe_Smith</soundWorking>
      <recipeUsers>
	    <li>DrugLab</li>
		<li>ElectricSmithy</li>
        <li>FueledSmithy</li>
      </recipeUsers>
      <unfinishedThingDef>UnfinishedBelt</unfinishedThingDef>
	  <researchPrerequisite>Explosives_TNT</researchPrerequisite>
	</recipeMaker>
	<graphicData>
		<texPath>Things/Projectile/Special/GrenadeDynamite</texPath>
		<graphicClass>Graphic_Single</graphicClass>
	</graphicData>
	<soundInteract>LitMatchStick</soundInteract>
	<techLevel>Industrial</techLevel>
	<statBases>
		<Mass>3</Mass>
		<RangedWeapon_Cooldown>3</RangedWeapon_Cooldown>
		<MarketValue>350</MarketValue>
		<WorkToMake>5000</WorkToMake>
	</statBases>
	<tradeTags>
	  <li>ExoticMisc</li>
	</tradeTags>
	<costList>
	  <WoodLog>5</WoodLog>
	  <BlocksSandstone>25</BlocksSandstone>
	  <Chemfuel>50</Chemfuel>
	</costList>
	<thingCategories>
		<li>Grenades</li>
	</thingCategories>
	<verbs>
		<li>
			<!-- throw dynamite -->
			<verbClass>Verb_LaunchProjectile</verbClass>
			<hasStandardCommand>true</hasStandardCommand>
			<range>25</range>
			<forcedMissRadius>0.05</forcedMissRadius>
			<warmupTime>0.5</warmupTime>
			<noiseRadius>4</noiseRadius>
			<ai_AvoidFriendlyFireRadius>10</ai_AvoidFriendlyFireRadius>
			<ai_IsBuildingDestroyer>true</ai_IsBuildingDestroyer>
			<targetParams>
				<canTargetLocations>true</canTargetLocations>
			</targetParams>
			<soundCast>ThrowGrenade</soundCast>
			<soundCastTail>BurningFuse</soundCastTail>
			<defaultProjectile>GrenadeDynamite</defaultProjectile>
			<rangedFireRulepack>Combat_RangedFire_Thrown</rangedFireRulepack>
			<requireLineOfSight>true</requireLineOfSight>
			<onlyManualCast>true</onlyManualCast>
		</li>
	</verbs>
    <comps>
      <li Class="CompProperties_Explosive">
        <explosiveRadius>6.66</explosiveRadius>
        <explosiveDamageType>Bomb</explosiveDamageType>
        <requiredDamageTypeToExplode>Flame</requiredDamageTypeToExplode>
      </li>
	</comps>
	</ThingDef>

	<ThingDef ParentName="BaseGrenadeProjectile">
		<defName>GrenadeDynamite</defName>
		<label>TNT</label>
		<thingClass>Projectile_Explosive</thingClass>
		<graphicData>
			<texPath>Things/Projectile/Special/Proj_GrenadeDynamite</texPath>
			<graphicClass>Graphic_Single</graphicClass>
		</graphicData>
		<projectile>
			<explosionRadius>8.7</explosionRadius>
			<damageAmountBase>15</damageAmountBase>
			<damageDef>DynamiteStick</damageDef>
			<explosionDelay>1</explosionDelay>
			<soundExplode>Explosion_GiantBomb</soundExplode>
		</projectile>
	</ThingDef>

	<!-- ==================== Stielhandgranate ========================== -->
	<ThingDef ParentName="BaseMakeableGrenade">
	<defName>Weapon_GrenadeStalk</defName>
	<label>Stick grenade</label>
	<description>Stalk Hand Grenade with a unique design. The grenade mounts a Trinitron charge head within a steel cylinder atop a wooden handle. The mixture inside detonates harder than anything else seen so far, while being incredible easy to handle the same time. This type dominated not 1 but 2 of 3 world wars on planet earth, long before the planetary union was founded and the great confederation happened.\n\nThe belt is loaded with these babies.</description>
	<tickerType>Normal</tickerType>
	<recipeMaker>
      <workSpeedStat>SmithingSpeed</workSpeedStat>
      <workSkill>Crafting</workSkill>
	   <skillRequirements>
        <Crafting>10</Crafting>
      </skillRequirements>
      <effectWorking>Smith</effectWorking>
      <soundWorking>Recipe_Smith</soundWorking>
      <recipeUsers>
		<li>ElectricSmithy</li>
        <li>FueledSmithy</li>
      </recipeUsers>
      <unfinishedThingDef>UnfinishedBelt</unfinishedThingDef>
	  <researchPrerequisite>Fabrication</researchPrerequisite>
	</recipeMaker>
	<graphicData>
		<texPath>Things/Projectile/Special/GrenadeStick</texPath>
		<graphicClass>Graphic_Single</graphicClass>
	</graphicData>
	<soundInteract>Interact_Grenade</soundInteract>
	<techLevel>Industrial</techLevel>
	<statBases>
		<Mass>4</Mass>
		<RangedWeapon_Cooldown>1.25</RangedWeapon_Cooldown>
		<MarketValue>400</MarketValue>
	<WorkToMake>5000</WorkToMake>
	</statBases>
	<tradeTags>
	  <li>ExoticMisc</li>
	</tradeTags>
	<costList>
	  <WoodLog>5</WoodLog>
	  <Steel>25</Steel>
	  <Chemfuel>50</Chemfuel>
	</costList>
	<thingCategories>
		<li>Grenades</li>
	</thingCategories>
	<verbs>
		<li>
			<!-- throw stick grenade -->
			<verbClass>Verb_LaunchProjectile</verbClass>
			<hasStandardCommand>true</hasStandardCommand>
			<range>25</range>
			<forcedMissRadius>0.25</forcedMissRadius>
			<warmupTime>0.5</warmupTime>
			<noiseRadius>4</noiseRadius>
			<ai_AvoidFriendlyFireRadius>10</ai_AvoidFriendlyFireRadius>
			<ai_IsBuildingDestroyer>true</ai_IsBuildingDestroyer>
			<targetParams>
				<canTargetLocations>true</canTargetLocations>
			</targetParams>
			<soundCast>ThrowGrenade</soundCast>
			<soundCastTail>Armageddon_ExplosionDrop</soundCastTail>
			<defaultProjectile>GrenadeStick</defaultProjectile>
			<rangedFireRulepack>Combat_RangedFire_Thrown</rangedFireRulepack>
			<requireLineOfSight>true</requireLineOfSight>
			<onlyManualCast>true</onlyManualCast>
		</li>
	</verbs>
	</ThingDef>

	<ThingDef ParentName="BaseGrenadeProjectile">
		<defName>GrenadeStick</defName>
		<label>Nitroreaction</label>
		<thingClass>Projectile_Explosive</thingClass>
		<graphicData>
			<texPath>Things/Projectile/Special/GrenadeStick</texPath>
			<graphicClass>Graphic_Single</graphicClass>
		</graphicData>
		<projectile>
			<explosionRadius>2.75</explosionRadius>
			<damageAmountBase>13</damageAmountBase>
			<damageDef>GrenadeStackHand</damageDef>
			<explosionDelay>25</explosionDelay>
			<soundExplode>MortarBomb_Explode</soundExplode>
		</projectile>
	</ThingDef>

	<!-- ==================== Firecracker ========================== -->
	<ThingDef ParentName="BaseMakeableGrenade">
	<defName>Weapon_GrenadeFirecracker</defName>
	<label>Firecracker</label>
	<description>Multicompound explosive with a blasting composition. Small Bursts. Relies on a good hand.\n\nThe belt is loaded with these babies.</description>
	<tickerType>Normal</tickerType>
	<recipeMaker>
      <workSpeedStat>SmithingSpeed</workSpeedStat>
      <workSkill>Crafting</workSkill>
	   <skillRequirements>
        <Crafting>12</Crafting>
      </skillRequirements>
      <effectWorking>Smith</effectWorking>
      <soundWorking>Recipe_Smith</soundWorking>
      <recipeUsers>
		<li>ElectricSmithy</li>
        <li>FueledSmithy</li>
      </recipeUsers>
      <unfinishedThingDef>UnfinishedBelt</unfinishedThingDef>
	  <researchPrerequisite>AdvancedFabrication</researchPrerequisite>
	</recipeMaker>
	<graphicData>
		<texPath>Things/Projectile/Special/GrenadeSmall</texPath>
		<graphicClass>Graphic_Single</graphicClass>
	</graphicData>
	<soundInteract>Interact_Grenade</soundInteract>
	<techLevel>Spacer</techLevel>
	<statBases>
		<Mass>5</Mass>
		<RangedWeapon_Cooldown>3</RangedWeapon_Cooldown>
		<MarketValue>500</MarketValue>
		<WorkToMake>5000</WorkToMake>
	</statBases>
	<tradeTags>
	  <li>ExoticMisc</li>
	</tradeTags>
	<costList>
	  <ComponentIndustrial>5</ComponentIndustrial>
	  <Uranium>25</Uranium>
	  <Chemfuel>50</Chemfuel>
	</costList>
	<thingCategories>
		<li>Grenades</li>
	</thingCategories>
	<verbs>
		<li>
			<!-- throw fireracker -->
			<verbClass>Verb_LaunchProjectile</verbClass>
			<hasStandardCommand>true</hasStandardCommand>
			<range>35</range>
			<forcedMissRadius>0.9</forcedMissRadius>
			<warmupTime>0.3</warmupTime>
			<noiseRadius>4</noiseRadius>
			<ai_AvoidFriendlyFireRadius>5</ai_AvoidFriendlyFireRadius>
			<ai_IsBuildingDestroyer>true</ai_IsBuildingDestroyer>
			<targetParams>
				<canTargetLocations>true</canTargetLocations>
			</targetParams>
			<soundCast>ThrowGrenade</soundCast>
			<defaultProjectile>GrenadeFirecracker</defaultProjectile>
			<rangedFireRulepack>Combat_RangedFire_Thrown</rangedFireRulepack>
			<requireLineOfSight>true</requireLineOfSight>
			<onlyManualCast>true</onlyManualCast>
		</li>
	</verbs>
	</ThingDef>

	<ThingDef ParentName="BaseGrenadeProjectile">
		<defName>GrenadeFirecracker</defName>
		<label>microexplosion</label>
		<thingClass>Projectile_Explosive</thingClass>
		<graphicData>
			<texPath>Things/Projectile/Special/GrenadeFirecracker</texPath>
			<graphicClass>Graphic_Random</graphicClass>
		</graphicData>
		<projectile>
			<speed>18</speed>
			<explosionRadius>1.5</explosionRadius>
			<damageAmountBase>25</damageAmountBase>
			<damageDef>FirecrackerBomb</damageDef>
			<explosionDelay>5</explosionDelay>
			<soundExplode>MortarIncendiary_Explode</soundExplode>
		</projectile>
	</ThingDef>

	<!-- ==================== Elektronen Bombe ========================== -->
	<ThingDef ParentName="BaseMakeableGrenade">
	<defName>Weapon_GrenadeStasis</defName>
	<label>Electrocuter</label>
	<description>Grenade with a lightning charged blasting unit that detonates on impact. Unloads in a cloud of electricity. Has only limited holding time.\n\nThe belt is loaded with these babies.</description>
	<tickerType>Normal</tickerType>
	<recipeMaker>
      <workSpeedStat>SmithingSpeed</workSpeedStat>
      <workSkill>Crafting</workSkill>
	   <skillRequirements>
        <Crafting>14</Crafting>
      </skillRequirements>
      <effectWorking>Smith</effectWorking>
      <soundWorking>Recipe_Smith</soundWorking>
      <recipeUsers>
		<li>ElectricSmithy</li>
        <li>FueledSmithy</li>
      </recipeUsers>
      <unfinishedThingDef>UnfinishedBelt</unfinishedThingDef>
	  <researchPrerequisite>MicroelectronicsBasics</researchPrerequisite>
	</recipeMaker>
	<graphicData>
		<texPath>Things/Projectile/Special/GrenadeStasis</texPath>
		<graphicClass>Graphic_Single</graphicClass>
	</graphicData>
	<soundInteract>Interact_Grenade</soundInteract>
	<techLevel>Spacer</techLevel>
	<statBases>
		<Mass>3</Mass>
		<RangedWeapon_Cooldown>2.25</RangedWeapon_Cooldown>
		<MarketValue>600</MarketValue>
		<WorkToMake>6500</WorkToMake>
	</statBases>
	<tradeTags>
	  <li>ExoticMisc</li>
	</tradeTags>
	<costList>
	  <ComponentSpacer>1</ComponentSpacer>
	  <ComponentIndustrial>2</ComponentIndustrial>
	  <Plasteel>30</Plasteel>
	</costList>
	<thingCategories>
		<li>Grenades</li>
	</thingCategories>
	<verbs>
		<li>
			<!-- throw elektron bomb -->
			<verbClass>Verb_LaunchProjectile</verbClass>
			<hasStandardCommand>true</hasStandardCommand>
			<range>35</range>
			<forcedMissRadius>0.5</forcedMissRadius>
			<warmupTime>0.5</warmupTime>
			<noiseRadius>4</noiseRadius>
			<ai_AvoidFriendlyFireRadius>9</ai_AvoidFriendlyFireRadius>
			<ai_IsBuildingDestroyer>false</ai_IsBuildingDestroyer>
			<targetParams>
				<canTargetLocations>true</canTargetLocations>
			</targetParams>
			<soundCast>ThrowGrenade</soundCast>
			<soundCastTail>Armageddon_ExplosionDrop</soundCastTail>
			<defaultProjectile>GrenadeStasis</defaultProjectile>
			<rangedFireRulepack>Combat_RangedFire_Thrown</rangedFireRulepack>
			<requireLineOfSight>true</requireLineOfSight>
			<onlyManualCast>true</onlyManualCast>
		</li>
	</verbs>
	</ThingDef>

	<ThingDef ParentName="BaseGrenadeProjectile">
		<defName>GrenadeStasis</defName>
		<label>elektronic field</label>
		<thingClass>Projectile_Explosive</thingClass>
		<graphicData>
			<texPath>Things/Projectile/Special/Proj_GrenadeStasis</texPath>
			<graphicClass>Graphic_Single</graphicClass>
		</graphicData>
		<projectile>
			<speed>24</speed>
			<explosionRadius>5.5</explosionRadius>
			<damageAmountBase>3</damageAmountBase>
			<damageDef>Stun</damageDef>
			<explosionDelay>0</explosionDelay>
			<soundExplode>Explosion_EMP</soundExplode>
		</projectile>
	</ThingDef>

</Defs>

